<?xml version="1.0" encoding="UTF-8" standalone="yes"?>
<manifest>
  <control namespace="createdevice" constructor="createdevice" version="0.0.1" display-name-key="createdevice" description-key="createdevice description" control-type="standard" api-version="1.3.5">
    <external-service-usage enabled="false"/>
    <property name="functionCode" display-name-key="function_code" description-key="Property_Desc_Key" of-type="SingleLine.Text" usage="bound" required="true"/>
    <property name="functionBaseURL" display-name-key="function_base_url" description-key="Property_Desc_Key" of-type="SingleLine.Text" usage="bound" required="true"/>
    <resources>
      <code path="bundle.js" order="1"/>
      <css path="css/createdevice.css" order="1"/>
    </resources>
    <built-by name="pac" version="1.23.3"/>
  </control>
</manifest>